level,moves,cards,topics,foundations,col_sizes,tableau_cards,deck,topic_in_deck,min_n,max_n,moves_per_card,preplaced
1,inf,21,4,3,4-5-5,14,3,1,4,5,,1
2,90,30,6,3,3-4-5,12,18,4,3,6,3.0,0
3,180,42,7,4,2-3-4-5,14,28,5,3,7,4.29,0
4,180,41,7,4,2-3-4-5,14,27,5,3,6,4.39,0
5,200,52,8,4,1-2-3-4,10,41,5,4,8,3.85,1
6,220,59,9,4,2-3-4-5,14,45,6,3,8,3.73,0
7,145,53,8,3,2-3-4,9,43,6,4,8,2.74,1
8,120,40,6,4,2-3-4-5,14,26,3,4,7,3.0,0
9,175,55,9,4,2-3-4-5,14,41,8,3,7,3.18,0
10,210,53,8,4,2-3-4-5,14,39,6,3,9,3.96,0
11,200,57,9,4,3-4-5-6,18,39,6,4,8,3.51,0
12,75,36,6,3,2-3-4,9,27,4,2,6,2.08,0
13,140,41,7,4,2-3-4-5,14,27,5,2,9,3.41,0
14,140,41,7,4,2-3-4-5,14,27,5,2,9,3.41,0
15,150,59,9,4,2-3-4-5,14,45,7,2,8,2.54,0
16,220,67,10,4,3-4-5-6,18,49,6,4,7,3.28,0
17,80,32,4,3,2-3-4,9,23,3,5,8,2.5,0
18,210,65,10,4,2-3-4-5,14,51,6,3,8,3.23,0
19,170,55,8,4,2-3-4-5,14,41,5,3,8,3.09,0
20,145,64,9,4,2-3-4-5,14,50,6,3,8,2.27,0
21,220,61,9,4,3-4-5-6,18,43,5,4,7,3.61,0
22,90,38,6,3,2-3-4,9,29,6,3,7,2.37,0
23,160,69,11,4,2-3-4-5,14,55,10,3,8,2.32,0
24,170,64,10,4,2-3-4-5,14,50,9,3,8,2.66,0
25,140,64,10,4,2-3-4-5,14,50,8,4,9,2.19,0
26,240,71,11,4,2-3-4-5,14,57,8,4,8,3.38,0
27,80,36,6,3,2-3-4,9,27,5,4,6,2.22,0
28,150,66,10,4,2-3-4-5,14,52,9,3,8,2.27,0
29,130,55,8,4,2-3-4-5,14,41,6,4,8,2.36,0
30,135,61,10,4,2-3-4-5,14,47,9,4,6,2.21,0
31,85,50,6,4,2-3-4-5,14,36,6,6,10,1.7,0
32,100,56,7,4,3-4-5-6,18,38,7,5,10,1.79,0
33,130,65,8,4,3-4-5-6,18,47,8,5,8,2.0,0
34,160,74,10,4,2-3-4-5,14,60,6,4,12,2.16,0
35,230,95,15,5,3-4-5-6-7,25,70,10,3,8,2.42,0
36,95,44,7,3,4-5-6,15,29,4,4,6,2.16,0
37,120,52,9,4,4-5-6-7,22,30,6,3,7,2.31,0
38,140,66,11,4,4-5-6-7,22,44,9,3,9,2.12,0
39,145,69,12,4,5-6-7-8,26,43,10,3,8,2.1,0
40,225,92,16,5,3-4-5-6-7,25,67,15,3,8,2.45,0
41,85,42,7,3,3-4-5,12,30,5,2,8,2.02,0
42,85,41,8,4,2-3-4-5,14,27,6,3,5,2.07,0
43,105,53,10,4,2-3-4-5,14,39,9,3,8,1.98,0
44,130,65,11,4,2-3-4-5,14,51,10,3,8,2.0,0
45,155,79,13,4,2-3-4-5,14,65,13,4,8,1.96,0
46,90,41,7,4,2-3-4-5,14,27,7,4,7,2.2,0
47,110,52,9,4,2-3-4-5,14,38,8,3,8,2.12,0
48,135,62,11,4,2-3-4-5,14,48,9,3,8,2.18,0
49,130,70,10,4,2-3-4-5,14,56,10,4,9,1.86,0
50,160,83,13,5,2-3-4-5-6,20,63,12,1,8,1.93,0
51,100,48,7,4,2-3-4-5,14,34,7,4,8,2.08,0
52,110,54,6,4,2-3-4-5,14,40,6,8,8,2.04,0
53,155,76,11,4,2-3-4-5,14,62,8,3,8,2.04,0
54,190,88,15,4,4-5-6-7,22,66,12,3,8,2.16,0
55,215,96,16,4,4-5-6-7,22,74,13,3,8,2.24,0
56,120,55,8,4,5-6-7-8,26,29,5,4,8,2.18,0
57,135,67,10,4,3-4-5-6,18,49,7,3,10,2.01,0
58,145,73,12,4,3-4-5-6,18,55,9,3,8,1.99,0
59,180,84,14,4,4-5-6-7,22,62,12,3,8,2.14,0
60,210,95,16,5,4-5-6-7-8,30,65,12,3,8,2.21,0
61,200,98,15,5,5-6-7-8-9,35,63,11,3,8,2.04,0
62,75,36,6,3,3-4-5,12,24,4,3,8,2.08,0
63,130,64,10,4,4-5-6-7,22,42,7,3,8,2.03,0
64,130,64,10,4,4-5-6-7,22,42,7,3,8,2.03,0
65,130,64,10,4,4-5-6-7,22,42,7,3,8,2.03,0
66,130,64,10,4,4-5-6-7,22,42,7,3,8,2.03,0
67,75,36,6,3,3-4-5,12,24,4,3,8,2.08,0
68,140,64,10,4,4-5-6-7,22,42,7,3,8,2.19,0
69,150,64,10,4,4-5-6-7,22,42,7,3,8,2.34,0
70,130,64,10,4,4-5-6-7,22,42,7,3,8,2.03,0
71,200,98,15,5,5-6-7-8-9,35,63,11,3,8,2.04,0
72,75,36,6,3,3-4-5,12,24,4,3,8,2.08,0
73,130,64,10,4,4-5-6-7,22,42,7,3,8,2.03,0
74,130,64,10,4,4-5-6-7,22,42,7,3,8,2.03,0
75,130,64,10,4,4-5-6-7,22,42,7,3,8,2.03,0
76,190,80,12,4,5-6-7-8,26,54,9,3,8,2.38,0
77,75,36,6,3,3-4-5,12,24,4,3,8,2.08,0
78,130,64,10,4,4-5-6-7,22,42,7,3,8,2.03,0
79,130,64,10,4,4-5-6-7,22,42,7,3,8,2.03,0
80,130,64,10,4,4-5-6-7,22,42,7,3,8,2.03,0
81,210,98,15,5,5-6-7-8-9,35,63,11,3,8,2.14,0
82,75,36,6,3,3-4-5,12,24,4,3,8,2.08,0
83,130,64,10,4,4-5-6-7,22,42,7,3,8,2.03,0
84,130,64,10,4,4-5-6-7,22,42,7,3,8,2.03,0
85,130,64,10,4,4-5-6-7,22,42,7,3,8,2.03,0
86,185,92,14,5,5-6-7-8-9,35,57,10,3,8,2.01,0
87,190,80,12,4,4-5-6-7,22,58,9,3,8,2.38,0
88,130,64,10,4,4-5-6-7,22,42,7,3,8,2.03,0
89,130,64,10,4,4-5-6-7,22,42,7,3,8,2.03,0
90,130,64,10,4,4-5-6-7,22,42,7,3,8,2.03,0
91,200,98,15,5,5-6-7-8-9,35,63,11,3,8,2.04,0
92,80,36,6,3,3-4-5,12,24,4,3,8,2.22,0
93,150,64,10,4,4-5-6-7,22,42,7,3,8,2.34,0
94,130,64,10,4,4-5-6-7,22,42,7,3,8,2.03,0
95,130,64,10,4,4-5-6-7,22,42,7,3,8,2.03,0
96,160,80,12,4,5-6-7-8,26,54,9,3,8,2.0,0
97,75,36,6,3,3-4-5,12,24,4,3,8,2.08,0
98,130,64,10,4,4-5-6-7,22,42,7,3,8,2.03,0
99,130,64,10,4,4-5-6-7,22,42,7,3,8,2.03,0
100,130,64,10,4,4-5-6-7,22,42,7,3,8,2.03,0
101,200,98,15,5,5-6-7-8-9,35,63,11,3,8,2.04,0
102,75,36,6,3,3-4-5,12,24,4,3,8,2.08,0
103,130,64,10,4,4-5-6-7,22,42,7,3,8,2.03,0
104,130,64,10,4,4-5-6-7,22,42,7,3,8,2.03,0
105,185,92,14,5,5-6-7-8-9,35,57,10,3,8,2.01,0
106,75,36,6,3,3-4-5,12,24,4,3,8,2.08,0
107,130,64,10,4,4-5-6-7,22,42,7,3,8,2.03,0
108,130,64,10,4,4-5-6-7,22,42,7,3,8,2.03,0
109,130,64,10,4,4-5-6-7,22,42,7,3,8,2.03,0
110,200,98,15,5,5-6-7-8-9,35,63,11,3,8,2.04,0
111,75,36,6,3,3-4-5,12,24,4,3,8,2.08,0
112,130,64,10,4,4-5-6-7,22,42,7,3,8,2.03,0
113,130,64,10,4,4-5-6-7,22,42,7,3,8,2.03,0
114,130,64,10,4,4-5-6-7,22,42,7,3,8,2.03,0
115,160,80,12,4,5-6-7-8,26,54,9,3,8,2.0,0
116,75,36,6,3,3-4-5,12,24,4,3,8,2.08,0
117,130,64,10,4,4-5-6-7,22,42,7,3,8,2.03,0
118,130,64,10,4,4-5-6-7,22,42,7,3,8,2.03,0
119,130,64,10,4,4-5-6-7,22,42,7,3,8,2.03,0
120,200,98,15,5,5-6-7-8-9,35,63,11,3,8,2.04,0
121,75,36,6,3,3-4-5,12,24,4,3,8,2.08,0
122,130,64,10,4,4-5-6-7,22,42,7,3,8,2.03,0
123,130,64,10,4,4-5-6-7,22,42,7,3,8,2.03,0
124,130,64,10,4,4-5-6-7,22,42,7,3,8,2.03,0
125,195,92,14,4,5-6-7-8,26,66,11,3,8,2.12,0
126,75,36,6,3,3-4-5,12,24,4,3,8,2.08,0
127,130,64,10,4,4-5-6-7,22,42,7,3,8,2.03,0
128,130,64,10,4,4-5-6-7,22,42,7,3,8,2.03,0
129,130,64,10,4,4-5-6-7,22,42,7,3,8,2.03,0
130,200,98,15,5,5-6-7-8-9,35,63,11,3,8,2.04,0
131,75,36,6,3,3-4-5,12,24,4,3,8,2.08,0
132,140,64,10,4,4-5-6-7,22,42,7,3,8,2.19,0
133,140,64,10,4,4-5-6-7,22,42,7,3,8,2.19,0
134,130,64,10,4,4-5-6-7,22,42,7,3,8,2.03,0
135,170,80,12,4,5-6-7-8,26,54,9,3,8,2.12,0
136,75,36,6,3,3-4-5,12,24,4,3,8,2.08,0
137,130,64,10,4,4-5-6-7,22,42,7,3,8,2.03,0
138,130,64,10,4,4-5-6-7,22,42,7,3,8,2.03,0
139,130,64,10,4,4-5-6-7,22,42,7,3,8,2.03,0
140,200,98,15,5,5-6-7-8-9,35,63,11,3,8,2.04,0
141,75,36,6,3,3-4-5,12,24,4,3,8,2.08,0
142,130,64,10,4,4-5-6-7,22,42,7,3,8,2.03,0
143,130,64,10,4,4-5-6-7,22,42,7,3,8,2.03,0
144,130,64,10,4,4-5-6-7,22,42,7,3,8,2.03,0
145,185,92,14,5,5-6-7-8-9,35,57,10,3,8,2.01,0
146,75,36,6,3,3-4-5,12,24,4,3,8,2.08,0
147,130,64,10,4,4-5-6-7,22,42,7,3,8,2.03,0
148,130,64,10,4,4-5-6-7,22,42,7,3,8,2.03,0
149,130,64,10,4,4-5-6-7,22,42,7,3,8,2.03,0
150,200,98,15,5,5-6-7-8-9,35,63,11,3,8,2.04,0
151,75,36,6,3,3-4-5,12,24,4,3,8,2.08,0
152,130,64,10,4,4-5-6-7,22,42,7,3,8,2.03,0
153,130,64,10,4,4-5-6-7,22,42,7,3,8,2.03,0
154,130,64,10,4,4-5-6-7,22,42,7,3,8,2.03,0
155,175,80,12,4,3-4-5-6,18,62,10,3,8,2.19,0
156,75,36,6,3,3-4-5,12,24,4,3,8,2.08,0
157,140,64,10,4,4-5-6-7,22,42,7,3,8,2.19,0
158,130,64,10,4,4-5-6-7,22,42,7,3,8,2.03,0
159,130,64,10,4,4-5-6-7,22,42,7,3,8,2.03,0
160,200,98,15,5,5-6-7-8-9,35,63,11,3,8,2.04,0
161,130,64,10,4,4-5-6-7,22,42,7,3,8,2.03,0
162,130,64,10,4,4-5-6-7,22,42,7,3,8,2.03,0
163,130,64,10,4,4-5-6-7,22,42,7,3,8,2.03,0
164,130,64,10,4,4-5-6-7,22,42,7,3,8,2.03,0
165,185,92,14,5,5-6-7-8-9,35,57,10,3,8,2.01,0
166,75,36,6,3,3-4-5,12,24,4,3,8,2.08,0
167,130,64,10,4,4-5-6-7,22,42,7,3,8,2.03,0
168,75,36,6,3,3-4-5,12,24,4,3,8,2.08,0
169,130,64,10,4,4-5-6-7,22,42,7,3,8,2.03,0
170,140,64,10,4,4-5-6-7,22,42,7,3,8,2.19,0
171,170,64,10,4,4-5-6-7,22,42,7,3,8,2.66,0
172,130,64,10,4,4-5-6-7,22,42,7,3,8,2.03,0
173,130,64,10,4,4-5-6-7,22,42,7,3,8,2.03,0
174,140,64,10,4,4-5-6-7,22,42,7,3,8,2.19,0
175,180,80,12,4,5-6-7-8,26,54,9,3,8,2.25,0
176,185,92,14,5,5-6-7-8-9,35,57,10,3,8,2.01,0
177,75,36,6,3,3-4-5,12,24,4,3,8,2.08,0
178,75,36,6,3,3-4-5,12,24,4,3,8,2.08,0
179,130,64,10,4,4-5-6-7,22,42,7,3,8,2.03,0
180,130,64,10,4,4-5-6-7,22,42,7,3,8,2.03,0
181,130,64,10,4,4-5-6-7,22,42,7,3,8,2.03,0
182,130,64,10,4,4-5-6-7,22,42,7,3,8,2.03,0
183,75,36,6,3,3-4-5,12,24,4,3,8,2.08,0
184,130,64,10,4,4-5-6-7,22,42,7,3,8,2.03,0
185,130,64,10,4,4-5-6-7,22,42,7,3,8,2.03,0
186,130,64,10,4,4-5-6-7,22,42,7,3,8,2.03,0
187,130,64,10,4,4-5-6-7,22,42,7,3,8,2.03,0
188,130,64,10,4,4-5-6-7,22,42,7,3,8,2.03,0
189,180,80,12,4,5-6-7-8,26,54,9,3,8,2.25,0
190,130,64,10,4,4-5-6-7,22,42,7,3,8,2.03,0
191,75,36,6,3,3-4-5,12,24,4,3,8,2.08,0
192,225,92,14,5,5-6-7-8-9,35,57,10,3,8,2.45,0
193,130,64,10,4,4-5-6-7,22,42,7,3,8,2.03,0
194,130,64,10,4,4-5-6-7,22,42,7,3,8,2.03,0
195,75,36,6,3,3-4-5,12,24,4,3,8,2.08,0
196,130,64,10,4,4-5-6-7,22,42,7,3,8,2.03,0
197,130,64,10,4,4-5-6-7,22,42,7,3,8,2.03,0
198,130,64,10,4,4-5-6-7,22,42,7,3,8,2.03,0
199,185,92,14,5,5-6-7-8-9,35,57,10,3,8,2.01,0
200,75,36,6,3,3-4-5,12,24,4,3,8,2.08,0
201,130,64,10,4,4-5-6-7,22,42,7,3,8,2.03,0
202,140,64,10,4,4-5-6-7,22,42,7,3,8,2.19,0
203,130,64,10,4,4-5-6-7,22,42,7,3,8,2.03,0
204,230,98,15,5,5-6-7-8-9,35,63,11,3,8,2.35,0
205,75,36,6,3,3-4-5,12,24,4,3,8,2.08,0
206,130,64,10,4,4-5-6-7,22,42,7,3,8,2.03,0
207,130,64,10,4,4-5-6-7,22,42,7,3,8,2.03,0
208,130,64,10,4,4-5-6-7,22,42,7,3,8,2.03,0
209,170,80,12,4,5-6-7-8,26,54,9,3,8,2.12,0
210,75,36,6,3,3-4-5,12,24,4,3,8,2.08,0
211,130,64,10,4,4-5-6-7,22,42,7,3,8,2.03,0
212,130,64,10,4,4-5-6-7,22,42,7,3,8,2.03,0
213,130,64,10,4,4-5-6-7,22,42,7,3,8,2.03,0
214,200,98,15,5,5-6-7-8-9,35,63,11,3,8,2.04,0
215,75,36,6,3,3-4-5,12,24,4,3,8,2.08,0
216,130,64,10,4,4-5-6-7,22,42,7,3,8,2.03,0
217,130,64,10,4,4-5-6-7,22,42,7,3,8,2.03,0
218,130,64,10,4,4-5-6-7,22,42,7,3,8,2.03,0
219,185,92,14,5,5-6-7-8-9,35,57,10,3,8,2.01,0
220,75,36,6,3,3-4-5,12,24,4,3,8,2.08,0
221,130,64,10,4,4-5-6-7,22,42,7,3,8,2.03,0
222,130,64,10,4,4-5-6-7,22,42,7,3,8,2.03,0
223,130,64,10,4,4-5-6-7,22,42,7,3,8,2.03,0
224,220,98,15,5,5-6-7-8-9,35,63,11,3,8,2.24,0
225,75,36,6,3,3-4-5,12,24,4,3,8,2.08,0
226,130,64,10,4,4-5-6-7,22,42,7,3,8,2.03,0
227,130,64,10,4,4-5-6-7,22,42,7,3,8,2.03,0
228,130,64,10,4,4-5-6-7,22,42,7,3,8,2.03,0
229,160,80,12,4,5-6-7-8,26,54,9,3,8,2.0,0
230,75,36,6,3,3-4-5,12,24,4,3,8,2.08,0
231,130,64,10,4,4-5-6-7,22,42,7,3,8,2.03,0
232,140,64,10,4,4-5-6-7,22,42,7,3,8,2.19,0
233,130,64,10,4,4-5-6-7,22,42,7,3,8,2.03,0
234,200,98,15,5,5-6-7-8-9,35,63,11,3,8,2.04,0
235,75,36,6,3,3-4-5,12,24,4,3,8,2.08,0
236,130,64,10,4,4-5-6-7,22,42,7,3,8,2.03,0
237,130,64,10,4,4-5-6-7,22,42,7,3,8,2.03,0
238,75,36,6,3,3-4-5,12,24,4,3,8,2.08,0
239,130,64,10,4,4-5-6-7,22,42,7,3,8,2.03,0
240,130,64,10,4,4-5-6-7,22,42,7,3,8,2.03,0
241,130,64,10,4,4-5-6-7,22,42,7,3,8,2.03,0
242,180,80,12,4,5-6-7-8,26,54,9,3,8,2.25,0
243,75,36,6,3,3-4-5,12,24,4,3,8,2.08,0
244,130,64,10,4,4-5-6-7,22,42,7,3,8,2.03,0
245,130,64,10,4,4-5-6-7,22,42,7,3,8,2.03,0
246,130,64,10,4,4-5-6-7,22,42,7,3,8,2.03,0
247,200,98,15,5,5-6-7-8-9,35,63,11,3,8,2.04,0
248,75,36,6,3,3-4-5,12,24,4,3,8,2.08,0
249,75,36,6,3,3-4-5,12,24,4,3,8,2.08,0
250,75,36,6,3,3-4-5,12,24,4,3,8,2.08,0
251,130,64,10,4,4-5-6-7,22,42,7,3,8,2.03,0
252,130,64,10,4,4-5-6-7,22,42,7,3,8,2.03,0
253,200,98,15,5,5-6-7-8-9,35,63,11,3,8,2.04,0
254,130,64,10,4,4-5-6-7,22,42,7,3,8,2.03,0
255,130,64,10,4,4-5-6-7,22,42,7,3,8,2.03,0
256,200,98,15,5,5-6-7-8-9,35,63,11,3,8,2.04,0
257,75,36,6,3,3-4-5,12,24,4,3,8,2.08,0
258,130,64,10,4,4-5-6-7,22,42,7,3,8,2.03,0
259,75,36,6,3,3-4-5,12,24,4,3,8,2.08,0
260,130,64,10,4,4-5-6-7,22,42,7,3,8,2.03,0
261,200,98,15,5,5-6-7-8-9,35,63,11,3,8,2.04,0
262,130,64,10,4,4-5-6-7,22,42,7,3,8,2.03,0
263,75,36,6,3,3-4-5,12,24,4,3,8,2.08,0
264,130,64,10,4,4-5-6-7,22,42,7,3,8,2.03,0
265,200,98,15,5,5-6-7-8-9,35,63,11,3,8,2.04,0
266,75,36,6,3,3-4-5,12,24,4,3,8,2.08,0
267,130,64,10,4,4-5-6-7,22,42,7,3,8,2.03,0
268,130,64,10,4,4-5-6-7,22,42,7,3,8,2.03,0
269,200,98,15,5,5-6-7-8-9,35,63,11,3,8,2.04,0
270,130,64,10,4,4-5-6-7,22,42,7,3,8,2.03,0
271,75,36,6,3,3-4-5,12,24,4,3,8,2.08,0
272,200,98,15,5,5-6-7-8-9,35,63,11,3,8,2.04,0
273,200,98,15,5,5-6-7-8-9,35,63,11,3,8,2.04,0
274,140,64,10,4,4-5-6-7,22,42,7,3,8,2.19,0
275,75,36,6,3,3-4-5,12,24,4,3,8,2.08,0
276,75,36,6,3,3-4-5,12,24,4,3,8,2.08,0
277,75,36,6,3,3-4-5,12,24,4,3,8,2.08,0
278,130,64,10,4,4-5-6-7,22,42,7,3,8,2.03,0
279,75,36,6,3,3-4-5,12,24,4,3,8,2.08,0
280,130,64,10,4,4-5-6-7,22,42,7,3,8,2.03,0
281,75,36,6,3,3-4-5,12,24,4,3,8,2.08,0
282,130,64,10,4,4-5-6-7,22,42,7,3,8,2.03,0
283,130,64,10,4,4-5-6-7,22,42,7,3,8,2.03,0
284,130,64,10,4,4-5-6-7,22,42,7,3,8,2.03,0
285,130,64,10,4,4-5-6-7,22,42,7,3,8,2.03,0
286,140,64,10,4,4-5-6-7,22,42,7,3,8,2.19,0
287,130,64,10,4,4-5-6-7,22,42,7,3,8,2.03,0
288,170,80,12,4,5-6-7-8,26,54,9,3,8,2.12,0
289,130,64,10,4,4-5-6-7,22,42,7,3,8,2.03,0
290,130,64,10,4,4-5-6-7,22,42,7,3,8,2.03,0
291,130,64,10,4,4-5-6-7,22,42,7,3,8,2.03,0
292,130,64,10,4,4-5-6-7,22,42,7,3,8,2.03,0
293,220,98,15,5,5-6-7-8-9,35,63,11,3,8,2.24,0
294,220,98,15,5,5-6-7-8-9,35,63,11,3,8,2.24,0
295,250,98,15,5,5-6-7-8-9,35,63,11,3,8,2.55,0
296,130,64,10,4,4-5-6-7,22,42,7,3,8,2.03,0
297,130,64,10,4,4-5-6-7,22,42,7,3,8,2.03,0
298,130,64,10,4,4-5-6-7,22,42,7,3,8,2.03,0
299,185,92,14,5,5-6-7-8-9,35,57,10,3,8,2.01,0
300,130,64,10,4,4-5-6-7,22,42,7,3,8,2.03,0
301,130,64,10,4,4-5-6-7,22,42,7,3,8,2.03,0
302,130,64,10,4,4-5-6-7,22,42,7,3,8,2.03,0
303,185,92,14,5,5-6-7-8-9,35,57,10,3,8,2.01,0
304,160,80,12,4,5-6-7-8,26,54,9,3,8,2.0,0
305,75,36,6,3,3-4-5,12,24,4,3,8,2.08,0
306,130,64,10,4,4-5-6-7,22,42,7,3,8,2.03,0
307,75,36,6,3,3-4-5,12,24,4,3,8,2.08,0
308,130,64,10,4,4-5-6-7,22,42,7,3,8,2.03,0
309,75,36,6,3,3-4-5,12,24,4,3,8,2.08,0
310,130,64,10,4,4-5-6-7,22,42,7,3,8,2.03,0
311,130,64,10,4,4-5-6-7,22,42,7,3,8,2.03,0
312,130,64,10,4,4-5-6-7,22,42,7,3,8,2.03,0
313,130,64,10,4,4-5-6-7,22,42,7,3,8,2.03,0
314,140,64,10,4,4-5-6-7,22,42,7,3,8,2.19,0
315,130,64,10,4,4-5-6-7,22,42,7,3,8,2.03,0
316,170,80,12,4,5-6-7-8,26,54,9,3,8,2.12,0
317,130,64,10,4,4-5-6-7,22,42,7,3,8,2.03,0
318,130,64,10,4,4-5-6-7,22,42,7,3,8,2.03,0
319,130,64,10,4,4-5-6-7,22,42,7,3,8,2.03,0
320,130,64,10,4,4-5-6-7,22,42,7,3,8,2.03,0
321,220,98,15,5,5-6-7-8-9,35,63,11,3,8,2.24,0
322,220,98,15,5,5-6-7-8-9,35,63,11,3,8,2.24,0
323,75,36,6,3,3-4-5,12,24,4,3,8,2.08,0
324,250,98,15,5,5-6-7-8-9,35,63,11,3,8,2.55,0
325,75,36,6,3,3-4-5,12,24,4,3,8,2.08,0
326,130,64,10,4,4-5-6-7,22,42,7,3,8,2.03,0
327,130,64,10,4,4-5-6-7,22,42,7,3,8,2.03,0
328,130,64,10,4,4-5-6-7,22,42,7,3,8,2.03,0
329,75,36,6,3,3-4-5,12,24,4,3,8,2.08,0
330,130,64,10,4,4-5-6-7,22,42,7,3,8,2.03,0
331,130,64,10,4,4-5-6-7,22,42,7,3,8,2.03,0
332,130,64,10,4,4-5-6-7,22,42,7,3,8,2.03,0
333,75,36,6,3,3-4-5,12,24,4,3,8,2.08,0
334,130,64,10,4,4-5-6-7,22,42,7,3,8,2.03,0
335,130,64,10,4,4-5-6-7,22,42,7,3,8,2.03,0
336,185,92,14,5,5-6-7-8-9,35,57,10,3,8,2.01,0
337,75,36,6,3,3-4-5,12,24,4,3,8,2.08,0
338,130,64,10,4,4-5-6-7,22,42,7,3,8,2.03,0
339,130,64,10,4,4-5-6-7,22,42,7,3,8,2.03,0
340,130,64,10,4,4-5-6-7,22,42,7,3,8,2.03,0
341,220,98,15,5,5-6-7-8-9,35,63,11,3,8,2.24,0
342,220,98,15,5,5-6-7-8-9,35,63,11,3,8,2.24,0
343,130,64,10,4,4-5-6-7,22,42,7,3,8,2.03,0
344,75,36,6,3,3-4-5,12,24,4,3,8,2.08,0
345,130,64,10,4,4-5-6-7,22,42,7,3,8,2.03,0
346,130,64,10,4,4-5-6-7,22,42,7,3,8,2.03,0
347,75,36,6,3,3-4-5,12,24,4,3,8,2.08,0
348,130,64,10,4,4-5-6-7,22,42,7,3,8,2.03,0
349,130,64,10,4,4-5-6-7,22,42,7,3,8,2.03,0
350,130,64,10,4,4-5-6-7,22,42,7,3,8,2.03,0
351,130,64,10,4,4-5-6-7,22,42,7,3,8,2.03,0
352,200,98,15,5,5-6-7-8-9,35,63,11,3,8,2.04,0
353,160,80,12,4,5-6-7-8,26,54,9,3,8,2.0,0
354,75,36,6,3,3-4-5,12,24,4,3,8,2.08,0
355,130,64,10,4,4-5-6-7,22,42,7,3,8,2.03,0
356,130,64,10,4,4-5-6-7,22,42,7,3,8,2.03,0
357,130,64,10,4,4-5-6-7,22,42,7,3,8,2.03,0
358,185,92,14,5,5-6-7-8-9,35,57,10,3,8,2.01,0
359,75,36,6,3,3-4-5,12,24,4,3,8,2.08,0
360,130,64,10,4,4-5-6-7,22,42,7,3,8,2.03,0
361,130,64,10,4,4-5-6-7,22,42,7,3,8,2.03,0
362,75,36,6,3,3-4-5,12,24,4,3,8,2.08,0
363,130,64,10,4,4-5-6-7,22,42,7,3,8,2.03,0
364,185,92,14,5,5-6-7-8-9,35,57,10,3,8,2.01,0
365,130,64,10,4,4-5-6-7,22,42,7,3,8,2.03,0
366,75,36,6,3,3-4-5,12,24,4,3,8,2.08,0
367,140,64,10,4,4-5-6-7,22,42,7,3,8,2.19,0
368,130,64,10,4,4-5-6-7,22,42,7,3,8,2.03,0
369,130,64,10,4,4-5-6-7,22,42,7,3,8,2.03,0
370,130,64,10,4,4-5-6-7,22,42,7,3,8,2.03,0
371,130,64,10,4,4-5-6-7,22,42,7,3,8,2.03,0
372,130,64,10,4,4-5-6-7,22,42,7,3,8,2.03,0
373,160,80,12,4,5-6-7-8,26,54,9,3,8,2.0,0
374,200,98,15,5,5-6-7-8-9,35,63,11,3,8,2.04,0
375,130,64,10,4,4-5-6-7,22,42,7,3,8,2.03,0
376,130,64,10,4,4-5-6-7,22,42,7,3,8,2.03,0
377,130,64,10,4,4-5-6-7,22,42,7,3,8,2.03,0
378,130,59,9,4,4-5-6-7,22,37,6,3,8,2.2,0
379,130,64,10,4,4-5-6-7,22,42,7,3,8,2.03,0
380,160,80,12,4,5-6-7-8,26,54,9,3,8,2.0,0
381,130,64,10,4,4-5-6-7,22,42,7,3,8,2.03,0
382,200,98,15,5,5-6-7-8-9,35,63,11,3,8,2.04,0
383,185,92,14,5,5-6-7-8-9,35,57,10,3,8,2.01,0
384,75,36,6,3,3-4-5,12,24,4,3,8,2.08,0
385,130,64,10,4,4-5-6-7,22,42,7,3,8,2.03,0
386,75,36,6,3,3-4-5,12,24,4,3,8,2.08,0
387,140,64,10,4,4-5-6-7,22,42,7,3,8,2.19,0
388,130,64,10,4,4-5-6-7,22,42,7,3,8,2.03,0
389,130,64,10,4,4-5-6-7,22,42,7,3,8,2.03,0
390,185,92,14,5,5-6-7-8-9,35,57,10,3,8,2.01,0
391,130,64,10,4,4-5-6-7,22,42,7,3,8,2.03,0
392,160,80,12,4,5-6-7-8,26,54,9,3,8,2.0,0
393,75,36,6,3,3-4-5,12,24,4,3,8,2.08,0
394,130,64,10,4,4-5-6-7,22,42,7,3,8,2.03,0
395,130,64,10,4,4-5-6-7,22,42,7,3,8,2.03,0
396,75,36,6,3,3-4-5,12,24,4,3,8,2.08,0
397,130,64,10,4,4-5-6-7,22,42,7,3,8,2.03,0
398,130,64,10,4,4-5-6-7,22,42,7,3,8,2.03,0
399,75,36,6,3,3-4-5,12,24,4,3,8,2.08,0
400,140,64,10,4,4-5-6-7,22,42,7,3,8,2.19,0
401,140,64,10,4,4-5-6-7,22,42,7,3,8,2.19,0
402,75,36,6,3,3-4-5,12,24,4,3,8,2.08,0
403,185,92,14,5,5-6-7-8-9,35,57,10,3,8,2.01,0
404,75,36,6,3,3-4-5,12,24,4,3,8,2.08,0
405,130,64,10,4,4-5-6-7,22,42,7,3,8,2.03,0
406,130,64,10,4,4-5-6-7,22,42,7,3,8,2.03,0
407,140,64,10,4,4-5-6-7,22,42,7,3,8,2.19,0
408,230,98,15,5,5-6-7-8-9,35,63,11,3,8,2.35,0
409,130,64,10,4,4-5-6-7,22,42,7,3,8,2.03,0
410,190,80,12,4,5-6-7-8,26,54,9,3,8,2.38,0
411,75,36,6,3,3-4-5,12,24,4,3,8,2.08,0
412,130,64,10,4,4-5-6-7,22,42,7,3,8,2.03,0
413,130,64,10,4,4-5-6-7,22,42,7,3,8,2.03,0
414,130,64,10,4,4-5-6-7,22,42,7,3,8,2.03,0
415,130,64,10,4,4-5-6-7,22,42,7,3,8,2.03,0
416,130,64,10,4,4-5-6-7,22,42,7,3,8,2.03,0
417,200,98,15,5,5-6-7-8-9,35,63,11,3,8,2.04,0
418,200,98,15,5,5-6-7-8-9,35,63,11,3,8,2.04,0
419,130,64,10,4,4-5-6-7,22,42,7,3,8,2.03,0
420,75,36,6,3,3-4-5,12,24,4,3,8,2.08,0
421,130,64,10,4,4-5-6-7,22,42,7,3,8,2.03,0
422,135,64,10,4,4-5-6-7,22,42,7,3,8,2.11,0
423,130,64,10,4,4-5-6-7,22,42,7,3,8,2.03,0
424,130,64,10,4,4-5-6-7,22,42,7,3,8,2.03,0
425,130,64,10,4,4-5-6-7,22,42,7,3,8,2.03,0
426,130,64,10,4,4-5-6-7,22,42,7,3,8,2.03,0
427,130,64,10,4,4-5-6-7,22,42,7,3,8,2.03,0
428,185,92,14,5,5-6-7-8-9,35,57,10,3,8,2.01,0
429,200,98,15,5,5-6-7-8-9,35,63,11,3,8,2.04,0
430,75,36,6,3,3-4-5,12,24,4,3,8,2.08,0
431,130,64,10,4,4-5-6-7,22,42,7,3,8,2.03,0
432,130,64,10,4,4-5-6-7,22,42,7,3,8,2.03,0
433,130,64,10,4,4-5-6-7,22,42,7,3,8,2.03,0
434,130,64,10,4,4-5-6-7,22,42,7,3,8,2.03,0
435,170,80,12,4,5-6-7-8,26,54,9,3,8,2.12,0
436,75,36,6,3,3-4-5,12,24,4,3,8,2.08,0
437,130,64,10,4,4-5-6-7,22,42,7,3,8,2.03,0
438,85,36,6,3,3-4-5,12,24,4,3,8,2.36,0
439,130,64,10,4,4-5-6-7,22,42,7,3,8,2.03,0
440,130,64,10,4,4-5-6-7,22,42,7,3,8,2.03,0
441,190,80,12,4,5-6-7-8,26,54,9,3,8,2.38,0
442,75,36,6,3,3-4-5,12,24,4,3,8,2.08,0
443,150,64,10,4,4-5-6-7,22,42,7,3,8,2.34,0
444,130,64,10,4,4-5-6-7,22,42,7,3,8,2.03,0
445,130,64,10,4,4-5-6-7,22,42,7,3,8,2.03,0
446,130,64,10,4,4-5-6-7,22,42,7,3,8,2.03,0
447,75,36,6,3,3-4-5,12,24,4,3,8,2.08,0
448,215,92,14,5,5-6-7-8-9,35,57,10,3,8,2.34,0
449,130,64,10,4,4-5-6-7,22,42,7,3,8,2.03,0
450,75,36,6,3,3-4-5,12,24,4,3,8,2.08,0
451,130,64,10,4,4-5-6-7,22,42,7,3,8,2.03,0
452,130,64,10,4,4-5-6-7,22,42,7,3,8,2.03,0
453,140,64,10,4,4-5-6-7,22,42,7,3,8,2.19,0
454,140,64,10,4,4-5-6-7,22,42,7,3,8,2.19,0
455,200,98,15,5,5-6-7-8-9,35,63,11,3,8,2.04,0
456,130,64,10,4,4-5-6-7,22,42,7,3,8,2.03,0
457,200,98,15,5,5-6-7-8-9,35,63,11,3,8,2.04,0
458,130,64,10,4,4-5-6-7,22,42,7,3,8,2.03,0
459,75,36,6,3,3-4-5,12,24,4,3,8,2.08,0
460,75,36,6,3,3-4-5,12,24,4,3,8,2.08,0
461,130,64,10,4,4-5-6-7,22,42,7,3,8,2.03,0
462,130,64,10,4,4-5-6-7,22,42,7,3,8,2.03,0
463,150,64,10,4,4-5-6-7,22,42,7,3,8,2.34,0
464,130,64,10,4,4-5-6-7,22,42,7,3,8,2.03,0
465,200,98,15,5,5-6-7-8-9,35,63,11,3,8,2.04,0
466,130,64,10,4,4-5-6-7,22,42,7,3,8,2.03,0
467,180,80,12,4,5-6-7-8,26,54,9,3,8,2.25,0
468,75,36,6,3,3-4-5,12,24,4,3,8,2.08,0
469,130,64,10,4,4-5-6-7,22,42,7,3,8,2.03,0
470,195,92,14,5,5-6-7-8-9,35,57,10,3,8,2.12,0
471,85,36,6,3,3-4-5,12,24,4,3,8,2.36,0
472,130,64,10,4,4-5-6-7,22,42,7,3,8,2.03,0
473,130,64,10,4,4-5-6-7,22,42,7,3,8,2.03,0
474,200,98,15,5,5-6-7-8-9,35,63,11,3,8,2.04,0
475,75,36,6,3,3-4-5,12,24,4,3,8,2.08,0
476,75,36,6,3,3-4-5,12,24,4,3,8,2.08,0
477,75,36,6,3,3-4-5,12,24,4,3,8,2.08,0
478,130,64,10,4,4-5-6-7,22,42,7,3,8,2.03,0
479,130,64,10,4,4-5-6-7,22,42,7,3,8,2.03,0
480,130,64,10,4,4-5-6-7,22,42,7,3,8,2.03,0
481,130,64,10,4,4-5-6-7,22,42,7,3,8,2.03,0
482,170,80,12,4,5-6-7-8,26,54,9,3,8,2.12,0
483,130,64,10,4,4-5-6-7,22,42,7,3,8,2.03,0
484,75,36,6,3,3-4-5,12,24,4,3,8,2.08,0
485,130,64,10,4,4-5-6-7,22,42,7,3,8,2.03,0
486,200,98,15,5,5-6-7-8-9,35,63,11,3,8,2.04,0
487,185,92,14,5,5-6-7-8-9,35,57,10,3,8,2.01,0
488,75,36,6,3,3-4-5,12,24,4,3,8,2.08,0
489,140,64,10,4,4-5-6-7,22,42,7,3,8,2.19,0
490,160,64,10,4,4-5-6-7,22,42,7,3,8,2.5,0
491,130,64,10,4,4-5-6-7,22,42,7,3,8,2.03,0
492,130,64,10,4,4-5-6-7,22,42,7,3,8,2.03,0
493,150,64,10,4,4-5-6-7,22,42,7,3,8,2.34,0
494,130,64,10,4,4-5-6-7,22,42,7,3,8,2.03,0
495,75,36,6,3,3-4-5,12,24,4,3,8,2.08,0
496,75,36,6,3,3-4-5,12,24,4,3,8,2.08,0
497,130,64,10,4,4-5-6-7,22,42,7,3,8,2.03,0
498,130,64,10,4,4-5-6-7,22,42,7,3,8,2.03,0
499,200,98,15,5,5-6-7-8-9,35,63,11,3,8,2.04,0
500,210,98,15,5,5-6-7-8-9,35,63,11,3,8,2.14,0
501,75,36,6,3,3-4-5,12,24,4,3,8,2.08,0
502,130,64,10,4,4-5-6-7,22,42,7,3,8,2.03,0
503,130,64,10,4,4-5-6-7,22,42,7,3,8,2.03,0
504,130,64,10,4,4-5-6-7,22,42,7,3,8,2.03,0
505,200,98,15,5,5-6-7-8-9,35,63,11,3,8,2.04,0
506,130,64,10,4,4-5-6-7,22,42,7,3,8,2.03,0
507,130,64,10,4,4-5-6-7,22,42,7,3,8,2.03,0
508,130,64,10,4,4-5-6-7,22,42,7,3,8,2.03,0
509,130,64,10,4,4-5-6-7,22,42,7,3,8,2.03,0
510,130,64,10,4,4-5-6-7,22,42,7,3,8,2.03,0
511,130,64,10,4,4-5-6-7,22,42,7,3,8,2.03,0
512,130,64,10,4,4-5-6-7,22,42,7,3,8,2.03,0
513,130,64,10,4,4-5-6-7,22,42,7,3,8,2.03,0
514,160,80,12,4,5-6-7-8,26,54,9,3,8,2.0,0
515,75,36,6,3,3-4-5,12,24,4,3,8,2.08,0
516,185,92,14,5,5-6-7-8-9,35,57,10,3,8,2.01,0
517,130,64,10,4,4-5-6-7,22,42,7,3,8,2.03,0
518,130,64,10,4,4-5-6-7,22,42,7,3,8,2.03,0
519,75,36,6,3,3-4-5,12,24,4,3,8,2.08,0
520,130,64,10,4,4-5-6-7,22,42,7,3,8,2.03,0
521,75,36,6,3,3-4-5,12,24,4,3,8,2.08,0
522,130,64,10,4,4-5-6-7,22,42,7,3,8,2.03,0
523,160,80,12,4,5-6-7-8,26,54,9,3,8,2.0,0
524,130,64,10,4,4-5-6-7,22,42,7,3,8,2.03,0
525,95,36,6,3,3-4-5,12,24,4,3,8,2.64,0
526,130,64,10,4,4-5-6-7,22,42,7,3,8,2.03,0
527,130,64,10,4,4-5-6-7,22,42,7,3,8,2.03,0
528,210,98,15,5,5-6-7-8-9,35,63,11,3,8,2.14,0
529,140,64,10,4,4-5-6-7,22,42,7,3,8,2.19,0
530,130,64,10,4,4-5-6-7,22,42,7,3,8,2.03,0
531,130,59,9,4,4-5-6-7,22,37,6,3,8,2.2,0
532,130,64,10,4,4-5-6-7,22,42,7,3,8,2.03,0
533,75,36,6,3,3-4-5,12,24,4,3,8,2.08,0
534,130,64,10,4,4-5-6-7,22,42,7,3,8,2.03,0
535,130,64,10,4,4-5-6-7,22,42,7,3,8,2.03,0
536,130,64,10,4,4-5-6-7,22,42,7,3,8,2.03,0
537,220,98,15,5,5-6-7-8-9,35,63,11,3,8,2.24,0
538,75,36,6,3,3-4-5,12,24,4,3,8,2.08,0
539,140,64,10,4,4-5-6-7,22,42,7,3,8,2.19,0
540,130,64,10,4,4-5-6-7,22,42,7,3,8,2.03,0
541,75,36,6,3,3-4-5,12,24,4,3,8,2.08,0
542,130,64,10,4,4-5-6-7,22,42,7,3,8,2.03,0
543,130,64,10,4,4-5-6-7,22,42,7,3,8,2.03,0
544,150,64,10,4,4-5-6-7,22,42,7,3,8,2.34,0
545,200,98,15,5,5-6-7-8-9,35,63,11,3,8,2.04,0
546,185,92,14,5,5-6-7-8-9,35,57,10,3,8,2.01,0
547,75,36,6,3,3-4-5,12,24,4,3,8,2.08,0
548,150,64,10,4,4-5-6-7,22,42,7,3,8,2.34,0
549,75,36,6,3,3-4-5,12,24,4,3,8,2.08,0
550,130,64,10,4,4-5-6-7,22,42,7,3,8,2.03,0
551,130,64,10,4,4-5-6-7,22,42,7,3,8,2.03,0
552,130,64,10,4,4-5-6-7,22,42,7,3,8,2.03,0
553,185,91,14,5,5-6-7-8-9,35,56,10,3,8,2.03,0
554,75,36,6,3,3-4-5,12,24,4,3,8,2.08,0
555,185,92,14,5,5-6-7-8-9,35,57,10,3,8,2.01,0
556,150,64,10,4,4-5-6-7,22,42,7,3,8,2.34,0
557,140,64,10,4,4-5-6-7,22,42,7,3,8,2.19,0
558,130,64,10,4,4-5-6-7,22,42,7,3,8,2.03,0
559,130,64,10,4,4-5-6-7,22,42,7,3,8,2.03,0
560,130,64,10,4,4-5-6-7,22,42,7,3,8,2.03,0
561,210,98,15,5,5-6-7-8-9,35,63,11,3,8,2.14,0
562,75,36,6,3,3-4-5,12,24,4,3,8,2.08,0
563,130,64,10,4,4-5-6-7,22,42,7,3,8,2.03,0
564,160,80,12,4,5-6-7-8,26,54,9,3,8,2.0,0
565,85,36,6,3,3-4-5,12,24,4,3,8,2.36,0
566,130,64,10,4,4-5-6-7,22,42,7,3,8,2.03,0
567,130,64,10,4,4-5-6-7,22,42,7,3,8,2.03,0
568,130,64,10,4,4-5-6-7,22,42,7,3,8,2.03,0
569,130,64,10,4,4-5-6-7,22,42,7,3,8,2.03,0
570,130,64,10,4,4-5-6-7,22,42,7,3,8,2.03,0
571,130,64,10,4,4-5-6-7,22,42,7,3,8,2.03,0
572,140,64,10,4,4-5-6-7,22,42,7,3,8,2.19,0
573,130,64,10,4,4-5-6-7,22,42,7,3,8,2.03,0
574,200,98,15,5,5-6-7-8-9,35,63,11,3,8,2.04,0
575,205,92,14,5,5-6-7-8-9,35,57,10,3,8,2.23,0
576,130,64,10,4,4-5-6-7,22,42,7,3,8,2.03,0
577,230,98,15,5,5-6-7-8-9,35,63,11,3,8,2.35,0
578,130,64,10,4,4-5-6-7,22,42,7,3,8,2.03,0
579,75,36,6,3,3-4-5,12,24,4,3,8,2.08,0
580,130,64,10,4,4-5-6-7,22,42,7,3,8,2.03,0
581,130,64,10,4,4-5-6-7,22,42,7,3,8,2.03,0
582,130,64,10,4,4-5-6-7,22,42,7,3,8,2.03,0
583,170,80,12,4,5-6-7-8,26,54,9,3,8,2.12,0
584,130,64,10,4,4-5-6-7,22,42,7,3,8,2.03,0
585,75,36,6,3,3-4-5,12,24,4,3,8,2.08,0
586,130,64,10,4,4-5-6-7,22,42,7,3,8,2.03,0
587,130,64,10,4,4-5-6-7,22,42,7,3,8,2.03,0
588,140,64,10,4,4-5-6-7,22,42,7,3,8,2.19,0
589,200,98,15,5,5-6-7-8-9,35,63,11,3,8,2.04,0
590,75,36,6,3,3-4-5,12,24,4,3,8,2.08,0
591,130,64,10,4,4-5-6-7,22,42,7,3,8,2.03,0
592,130,64,10,4,4-5-6-7,22,42,7,3,8,2.03,0
593,170,80,12,4,5-6-7-8,26,54,9,3,8,2.12,0
594,75,36,6,3,3-4-5,12,24,4,3,8,2.08,0
595,130,64,10,4,4-5-6-7,22,42,7,3,8,2.03,0
596,130,64,10,4,4-5-6-7,22,42,7,3,8,2.03,0
597,130,64,10,4,4-5-6-7,22,42,7,3,8,2.03,0
598,200,98,15,5,5-6-7-8-9,35,63,11,3,8,2.04,0
599,75,36,6,3,3-4-5,12,24,4,3,8,2.08,0
600,130,64,10,4,4-5-6-7,22,42,7,3,8,2.03,0
601,130,64,10,4,4-5-6-7,22,42,7,3,8,2.03,0
602,130,64,10,4,4-5-6-7,22,42,7,3,8,2.03,0
603,185,92,14,5,5-6-7-8-9,35,57,10,3,8,2.01,0
604,75,36,6,3,3-4-5,12,24,4,3,8,2.08,0
605,130,64,10,4,4-5-6-7,22,42,7,3,8,2.03,0
606,140,73,11,4,4-5-6-7,22,51,8,3,8,1.92,0
607,75,36,6,3,3-4-5,12,24,4,3,8,2.08,0
608,130,64,10,4,4-5-6-7,22,42,7,3,8,2.03,0
609,130,64,10,4,4-5-6-7,22,42,7,3,8,2.03,0
610,200,98,15,5,5-6-7-8-9,35,63,11,3,8,2.04,0
611,75,36,6,3,3-4-5,12,24,4,3,8,2.08,0
612,130,64,10,4,4-5-6-7,22,42,7,3,8,2.03,0
613,140,64,10,4,4-5-6-7,22,42,7,3,8,2.19,0
614,130,64,10,4,4-5-6-7,22,42,7,3,8,2.03,0
615,160,80,12,4,5-6-7-8,26,54,9,3,8,2.0,0
616,200,97,15,5,5-6-7-8-9,35,62,11,3,8,2.06,0
617,75,36,6,3,3-4-5,12,24,4,3,8,2.08,0
618,75,36,6,3,3-4-5,12,24,4,3,8,2.08,0
619,140,64,10,4,4-5-6-7,22,42,7,3,8,2.19,0
620,130,64,10,4,4-5-6-7,22,42,7,3,8,2.03,0
621,130,64,10,4,4-5-6-7,22,42,7,3,8,2.03,0
622,200,98,15,5,5-6-7-8-9,35,63,11,3,8,2.04,0
623,130,64,10,4,4-5-6-7,22,42,7,3,8,2.03,0
624,140,64,10,4,4-5-6-7,22,42,7,3,8,2.19,0
625,130,64,10,4,4-5-6-7,22,42,7,3,8,2.03,0
626,200,98,15,5,5-6-7-8-9,35,63,11,3,8,2.04,0
627,130,64,10,4,4-5-6-7,22,42,7,3,8,2.03,0
628,130,64,10,4,4-5-6-7,22,42,7,3,8,2.03,0
629,75,36,6,3,3-4-5,12,24,4,3,8,2.08,0
630,130,64,10,4,4-5-6-7,22,42,7,3,8,2.03,0
631,75,36,6,3,3-4-5,12,24,4,3,8,2.08,0
632,130,64,10,4,4-5-6-7,22,42,7,3,8,2.03,0
633,140,64,10,4,4-5-6-7,22,42,7,3,8,2.19,0
634,200,98,15,5,5-6-7-8-9,35,63,11,3,8,2.04,0
635,170,80,12,4,5-6-7-8,26,54,9,3,8,2.12,0
636,185,92,14,5,5-6-7-8-9,35,57,10,3,8,2.01,0
637,130,64,10,4,4-5-6-7,22,42,7,3,8,2.03,0
638,75,36,6,3,3-4-5,12,24,4,3,8,2.08,0
639,75,36,6,3,3-4-5,12,24,4,3,8,2.08,0
640,140,64,10,4,4-5-6-7,22,42,7,3,8,2.19,0
641,75,36,6,3,3-4-5,12,24,4,3,8,2.08,0
642,130,64,10,4,4-5-6-7,22,42,7,3,8,2.03,0
643,130,64,10,4,4-5-6-7,22,42,7,3,8,2.03,0
644,140,64,10,4,4-5-6-7,22,42,7,3,8,2.19,0
645,130,64,10,4,4-5-6-7,22,42,7,3,8,2.03,0
646,140,64,10,4,4-5-6-7,22,42,7,3,8,2.19,0
647,160,64,10,4,4-5-6-7,22,42,7,3,8,2.5,0
648,185,92,14,5,5-6-7-8-9,35,57,10,3,8,2.01,0
649,230,98,15,5,5-6-7-8-9,35,63,11,3,8,2.35,0
650,75,36,6,3,3-4-5,12,24,4,3,8,2.08,0
651,250,98,15,5,5-6-7-8-9,35,63,11,3,8,2.55,0
652,130,64,10,4,4-5-6-7,22,42,7,3,8,2.03,0
653,130,64,10,4,4-5-6-7,22,42,7,3,8,2.03,0
654,180,81,12,4,5-6-7-8,26,55,9,3,8,2.22,0
655,75,36,6,3,3-4-5,12,24,4,3,8,2.08,0
656,130,64,10,4,4-5-6-7,22,42,7,3,8,2.03,0
657,130,64,10,4,4-5-6-7,22,42,7,3,8,2.03,0
658,130,64,10,4,4-5-6-7,22,42,7,3,8,2.03,0
659,130,64,10,4,4-5-6-7,22,42,7,3,8,2.03,0
660,75,36,6,3,3-4-5,12,24,4,3,8,2.08,0
661,75,36,6,3,3-4-5,12,24,4,3,8,2.08,0
662,130,64,10,4,4-5-6-7,22,42,7,3,8,2.03,0
663,130,64,10,4,4-5-6-7,22,42,7,3,8,2.03,0
664,130,64,10,4,4-5-6-7,22,42,7,3,8,2.03,0
665,130,64,10,4,4-5-6-7,22,42,7,3,8,2.03,0
666,75,36,6,3,3-4-5,12,24,4,3,8,2.08,0
667,195,92,14,5,5-6-7-8-9,35,57,10,3,8,2.12,0
668,130,64,10,4,4-5-6-7,22,42,7,3,8,2.03,0
669,75,36,6,3,3-4-5,12,24,4,3,8,2.08,0
670,130,64,10,4,4-5-6-7,22,42,7,3,8,2.03,0
671,140,64,10,4,4-5-6-7,22,42,7,3,8,2.19,0
672,130,64,10,4,4-5-6-7,22,42,7,3,8,2.03,0
673,130,64,10,4,4-5-6-7,22,42,7,3,8,2.03,0
674,130,64,10,4,4-5-6-7,22,42,7,3,8,2.03,0
675,130,64,10,4,4-5-6-7,22,42,7,3,8,2.03,0
676,130,64,10,4,4-5-6-7,22,42,7,3,8,2.03,0
677,200,98,15,5,5-6-7-8-9,35,63,11,3,8,2.04,0
678,75,36,6,3,3-4-5,12,24,4,3,8,2.08,0
679,240,98,15,5,5-6-7-8-9,35,63,11,3,8,2.45,0
680,130,64,10,4,4-5-6-7,22,42,7,3,8,2.03,0
681,75,36,6,3,3-4-5,12,24,4,3,8,2.08,0
682,140,64,10,4,4-5-6-7,22,42,7,3,8,2.19,0
683,130,64,10,4,4-5-6-7,22,42,7,3,8,2.03,0
684,185,92,14,5,5-6-7-8-9,35,57,10,3,8,2.01,0
685,200,98,15,5,5-6-7-8-9,35,63,11,3,8,2.04,0
686,75,36,6,3,3-4-5,12,24,4,3,8,2.08,0
687,130,64,10,4,4-5-6-7,22,42,7,3,8,2.03,0
688,130,64,10,4,4-5-6-7,22,42,7,3,8,2.03,0
689,130,64,10,4,4-5-6-7,22,42,7,3,8,2.03,0
690,130,64,10,4,4-5-6-7,22,42,7,3,8,2.03,0
691,200,98,15,5,5-6-7-8-9,35,63,11,3,8,2.04,0
692,160,80,12,4,5-6-7-8,26,54,9,3,8,2.0,0
693,75,36,6,3,3-4-5,12,24,4,3,8,2.08,0
694,130,64,10,4,4-5-6-7,22,42,7,3,8,2.03,0
695,130,64,10,4,4-5-6-7,22,42,7,3,8,2.03,0
696,130,64,10,4,4-5-6-7,22,42,7,3,8,2.03,0
697,130,64,10,4,4-5-6-7,22,42,7,3,8,2.03,0
698,130,64,10,4,4-5-6-7,22,42,7,3,8,2.03,0
699,160,80,12,4,5-6-7-8,26,54,9,3,8,2.0,0
700,75,36,6,3,3-4-5,12,24,4,3,8,2.08,0
701,75,36,6,3,3-4-5,12,24,4,3,8,2.08,0
702,130,64,10,4,4-5-6-7,22,42,7,3,8,2.03,0
703,130,64,10,4,4-5-6-7,22,42,7,3,8,2.03,0
704,130,64,10,4,4-5-6-7,22,42,7,3,8,2.03,0
705,75,36,6,3,3-4-5,12,24,4,3,8,2.08,0
706,75,36,6,3,3-4-5,12,24,4,3,8,2.08,0
707,130,64,10,4,4-5-6-7,22,42,7,3,8,2.03,0
708,130,64,10,4,4-5-6-7,22,42,7,3,8,2.03,0
709,130,64,10,4,4-5-6-7,22,42,7,3,8,2.03,0
710,130,64,10,4,4-5-6-7,22,42,7,3,8,2.03,0
711,130,64,10,4,4-5-6-7,22,42,7,3,8,2.03,0
712,130,64,10,4,4-5-6-7,22,42,7,3,8,2.03,0
713,200,98,15,5,5-6-7-8-9,35,63,11,3,8,2.04,0
714,200,98,15,5,5-6-7-8-9,35,63,11,3,8,2.04,0
715,185,92,14,5,5-6-7-8-9,35,57,10,3,8,2.01,0
716,75,36,6,3,3-4-5,12,24,4,3,8,2.08,0
717,75,36,6,3,3-4-5,12,24,4,3,8,2.08,0
718,75,36,6,3,3-4-5,12,24,4,3,8,2.08,0
719,130,64,10,4,4-5-6-7,22,42,7,3,8,2.03,0
720,130,64,10,4,4-5-6-7,22,42,7,3,8,2.03,0
721,75,36,6,3,3-4-5,12,24,4,3,8,2.08,0
722,130,64,10,4,4-5-6-7,22,42,7,3,8,2.03,0
723,75,36,6,3,3-4-5,12,24,4,3,8,2.08,0
724,130,64,10,4,4-5-6-7,22,42,7,3,8,2.03,0
725,130,64,10,4,4-5-6-7,22,42,7,3,8,2.03,0
726,130,64,10,4,4-5-6-7,22,42,7,3,8,2.03,0
727,130,64,10,4,4-5-6-7,22,42,7,3,8,2.03,0
728,130,63,10,4,4-5-6-7,22,41,7,3,8,2.06,0
729,130,64,10,4,4-5-6-7,22,42,7,3,8,2.03,0
730,200,98,15,5,5-6-7-8-9,35,63,11,3,8,2.04,0
731,130,64,10,4,4-5-6-7,22,42,7,3,8,2.03,0
732,75,36,6,3,3-4-5,12,24,4,3,8,2.08,0
733,160,80,12,4,5-6-7-8,26,54,9,3,8,2.0,0
734,130,64,10,4,4-5-6-7,22,42,7,3,8,2.03,0
735,130,64,10,4,4-5-6-7,22,42,7,3,8,2.03,0
736,130,64,10,4,4-5-6-7,22,42,7,3,8,2.03,0
737,185,92,14,5,5-6-7-8-9,35,57,10,3,8,2.01,0
738,130,64,10,4,4-5-6-7,22,42,7,3,8,2.03,0
739,130,64,10,4,4-5-6-7,22,42,7,3,8,2.03,0
740,185,92,14,5,5-6-7-8-9,35,57,10,3,8,2.01,0
741,75,36,6,3,3-4-5,12,24,4,3,8,2.08,0
742,130,64,10,4,4-5-6-7,22,42,7,3,8,2.03,0
743,75,36,6,3,3-4-5,12,24,4,3,8,2.08,0
744,130,64,10,4,4-5-6-7,22,42,7,3,8,2.03,0
745,130,64,10,4,4-5-6-7,22,42,7,3,8,2.03,0
746,130,64,10,4,4-5-6-7,22,42,7,3,8,2.03,0
747,130,64,10,4,4-5-6-7,22,42,7,3,8,2.03,0
748,130,64,10,4,4-5-6-7,22,42,7,3,8,2.03,0
749,200,98,15,5,5-6-7-8-9,35,63,11,3,8,2.04,0
750,130,64,10,4,4-5-6-7,22,42,7,3,8,2.03,0
751,75,36,6,3,3-4-5,12,24,4,3,8,2.08,0
752,130,64,10,4,4-5-6-7,22,42,7,3,8,2.03,0
753,130,64,10,4,4-5-6-7,22,42,7,3,8,2.03,0
754,130,64,10,4,4-5-6-7,22,42,7,3,8,2.03,0
755,160,80,12,4,5-6-7-8,26,54,9,3,8,2.0,0
756,200,98,15,5,5-6-7-8-9,35,63,11,3,8,2.04,0
757,130,64,10,4,4-5-6-7,22,42,7,3,8,2.03,0
758,130,64,10,4,4-5-6-7,22,42,7,3,8,2.03,0
759,75,36,6,3,3-4-5,12,24,4,3,8,2.08,0
760,75,36,6,3,3-4-5,12,24,4,3,8,2.08,0
761,130,64,10,4,4-5-6-7,22,42,7,3,8,2.03,0
762,130,64,10,4,4-5-6-7,22,42,7,3,8,2.03,0
763,200,98,15,5,5-6-7-8-9,35,63,11,3,8,2.04,0
764,130,64,10,4,4-5-6-7,22,42,7,3,8,2.03,0
765,130,64,10,4,4-5-6-7,22,42,7,3,8,2.03,0
766,130,64,10,4,4-5-6-7,22,42,7,3,8,2.03,0
767,130,64,10,4,4-5-6-7,22,42,7,3,8,2.03,0
768,130,64,10,4,4-5-6-7,22,42,7,3,8,2.03,0
769,130,64,10,4,4-5-6-7,22,42,7,3,8,2.03,0
770,200,98,15,5,5-6-7-8-9,35,63,11,3,8,2.04,0
771,130,64,10,4,4-5-6-7,22,42,7,3,8,2.03,0
772,130,64,10,4,4-5-6-7,22,42,7,3,8,2.03,0
773,160,80,12,4,5-6-7-8,26,54,9,3,8,2.0,0
774,75,36,6,3,3-4-5,12,24,4,3,8,2.08,0
775,130,64,10,4,4-5-6-7,22,42,7,3,8,2.03,0
776,200,98,15,5,5-6-7-8-9,35,63,11,3,8,2.04,0
777,130,64,10,4,4-5-6-7,22,42,7,3,8,2.03,0
778,200,98,15,5,5-6-7-8-9,35,63,11,3,8,2.04,0
779,185,92,14,5,5-6-7-8-9,35,57,10,3,8,2.01,0
780,75,36,6,3,3-4-5,12,24,4,3,8,2.08,0
781,130,64,10,4,4-5-6-7,22,42,7,3,8,2.03,0
782,130,64,10,4,4-5-6-7,22,42,7,3,8,2.03,0
783,130,64,10,4,4-5-6-7,22,42,7,3,8,2.03,0
784,130,64,10,4,4-5-6-7,22,42,7,3,8,2.03,0
785,130,64,10,4,4-5-6-7,22,42,7,3,8,2.03,0
786,185,92,14,5,5-6-7-8-9,35,57,10,3,8,2.01,0
787,130,64,10,4,4-5-6-7,22,42,7,3,8,2.03,0
788,200,98,15,5,5-6-7-8-9,35,63,11,3,8,2.04,0
789,75,36,6,3,3-4-5,12,24,4,3,8,2.08,0
790,130,64,10,4,4-5-6-7,22,42,7,3,8,2.03,0
791,130,64,10,4,4-5-6-7,22,42,7,3,8,2.03,0
792,130,64,10,4,4-5-6-7,22,42,7,3,8,2.03,0
793,200,98,15,5,5-6-7-8-9,35,63,11,3,8,2.04,0
794,130,64,10,4,4-5-6-7,22,42,7,3,8,2.03,0
795,75,36,6,3,3-4-5,12,24,4,3,8,2.08,0
796,130,64,10,4,4-5-6-7,22,42,7,3,8,2.03,0
797,130,64,10,4,4-5-6-7,22,42,7,3,8,2.03,0
798,130,64,10,4,4-5-6-7,22,42,7,3,8,2.03,0
799,200,98,15,5,5-6-7-8-9,35,63,11,3,8,2.04,0
800,75,36,6,3,3-4-5,12,24,4,3,8,2.08,0
801,130,64,10,4,4-5-6-7,22,42,7,3,8,2.03,0
802,130,64,10,4,4-5-6-7,22,42,7,3,8,2.03,0
803,160,80,12,4,5-6-7-8,26,54,9,3,8,2.0,0
804,75,36,6,3,3-4-5,12,24,4,3,8,2.08,0
805,130,64,10,4,4-5-6-7,22,42,7,3,8,2.03,0
806,185,92,14,5,5-6-7-8-9,35,57,10,3,8,2.01,0
807,75,36,6,3,3-4-5,12,24,4,3,8,2.08,0
808,130,64,10,4,4-5-6-7,22,42,7,3,8,2.03,0
809,130,64,10,4,4-5-6-7,22,42,7,3,8,2.03,0
810,130,64,10,4,4-5-6-7,22,42,7,3,8,2.03,0
811,130,64,10,4,4-5-6-7,22,42,7,3,8,2.03,0
812,160,80,12,4,5-6-7-8,26,54,9,3,8,2.0,0
813,75,36,6,3,3-4-5,12,24,4,3,8,2.08,0
814,130,64,10,4,4-5-6-7,22,42,7,3,8,2.03,0
815,75,36,6,3,3-4-5,12,24,4,3,8,2.08,0
816,130,64,10,4,4-5-6-7,22,42,7,3,8,2.03,0
817,130,64,10,4,4-5-6-7,22,42,7,3,8,2.03,0
818,75,36,6,3,3-4-5,12,24,4,3,8,2.08,0
819,130,64,10,4,4-5-6-7,22,42,7,3,8,2.03,0
820,130,64,10,4,4-5-6-7,22,42,7,3,8,2.03,0
821,200,98,15,5,5-6-7-8-9,35,63,11,3,8,2.04,0
822,130,64,10,4,4-5-6-7,22,42,7,3,8,2.03,0
823,185,92,14,5,5-6-7-8-9,35,57,10,3,8,2.01,0
824,75,36,6,3,3-4-5,12,24,4,3,8,2.08,0
825,130,64,10,4,4-5-6-7,22,42,7,3,8,2.03,0
826,75,36,6,3,3-4-5,12,24,4,3,8,2.08,0
827,130,64,10,4,4-5-6-7,22,42,7,3,8,2.03,0
828,130,64,10,4,4-5-6-7,22,42,7,3,8,2.03,0
829,130,64,10,4,4-5-6-7,22,42,7,3,8,2.03,0
830,130,64,10,4,4-5-6-7,22,42,7,3,8,2.03,0
831,130,64,10,4,4-5-6-7,22,42,7,3,8,2.03,0
832,185,92,14,5,5-6-7-8-9,35,57,10,3,8,2.01,0
833,200,98,15,5,5-6-7-8-9,35,63,11,3,8,2.04,0
834,75,36,6,3,3-4-5,12,24,4,3,8,2.08,0
835,130,64,10,4,4-5-6-7,22,42,7,3,8,2.03,0
836,130,64,10,4,4-5-6-7,22,42,7,3,8,2.03,0
837,130,64,10,4,4-5-6-7,22,42,7,3,8,2.03,0
838,130,64,10,4,4-5-6-7,22,42,7,3,8,2.03,0
839,130,64,10,4,4-5-6-7,22,42,7,3,8,2.03,0
840,75,36,6,3,3-4-5,12,24,4,3,8,2.08,0
841,130,64,10,4,4-5-6-7,22,42,7,3,8,2.03,0
842,160,80,12,4,5-6-7-8,26,54,9,3,8,2.0,0
843,130,64,10,4,4-5-6-7,22,42,7,3,8,2.03,0
844,130,64,10,4,4-5-6-7,22,42,7,3,8,2.03,0
845,130,64,10,4,4-5-6-7,22,42,7,3,8,2.03,0
846,200,98,15,5,5-6-7-8-9,35,63,11,3,8,2.04,0
847,200,98,15,5,5-6-7-8-9,35,63,11,3,8,2.04,0
848,75,36,6,3,3-4-5,12,24,4,3,8,2.08,0
849,75,36,6,3,3-4-5,12,24,4,3,8,2.08,0
850,130,64,10,4,4-5-6-7,22,42,7,3,8,2.03,0
851,130,64,10,4,4-5-6-7,22,42,7,3,8,2.03,0
852,130,64,10,4,4-5-6-7,22,42,7,3,8,2.03,0
853,130,64,10,4,4-5-6-7,22,42,7,3,8,2.03,0
854,130,64,10,4,4-5-6-7,22,42,7,3,8,2.03,0
855,185,92,14,5,5-6-7-8-9,35,57,10,3,8,2.01,0
856,75,36,6,3,3-4-5,12,24,4,3,8,2.08,0
857,130,64,10,4,4-5-6-7,22,42,7,3,8,2.03,0
858,130,64,10,4,4-5-6-7,22,42,7,3,8,2.03,0
859,130,64,10,4,4-5-6-7,22,42,7,3,8,2.03,0
860,160,80,12,4,5-6-7-8,26,54,9,3,8,2.0,0
861,130,64,10,4,4-5-6-7,22,42,7,3,8,2.03,0
862,130,64,10,4,4-5-6-7,22,42,7,3,8,2.03,0
863,160,80,12,4,5-6-7-8,26,54,9,3,8,2.0,0
864,75,36,6,3,3-4-5,12,24,4,3,8,2.08,0
865,130,64,10,4,4-5-6-7,22,42,7,3,8,2.03,0
866,130,64,10,4,4-5-6-7,22,42,7,3,8,2.03,0
867,130,64,10,4,4-5-6-7,22,42,7,3,8,2.03,0
868,200,98,15,5,5-6-7-8-9,35,63,11,3,8,2.04,0
869,75,36,6,3,3-4-5,12,24,4,3,8,2.08,0
870,75,36,6,3,3-4-5,12,24,4,3,8,2.08,0
871,130,64,10,4,4-5-6-7,22,42,7,3,8,2.03,0
872,75,36,6,3,3-4-5,12,24,4,3,8,2.08,0
873,130,64,10,4,4-5-6-7,22,42,7,3,8,2.03,0
874,130,64,10,4,4-5-6-7,22,42,7,3,8,2.03,0
875,130,64,10,4,4-5-6-7,22,42,7,3,8,2.03,0
876,130,64,10,4,4-5-6-7,22,42,7,3,8,2.03,0
877,75,36,6,3,3-4-5,12,24,4,3,8,2.08,0
878,160,80,12,4,5-6-7-8,26,54,9,3,8,2.0,0
879,75,36,6,3,3-4-5,12,24,4,3,8,2.08,0
880,130,64,10,4,4-5-6-7,22,42,7,3,8,2.03,0
881,130,64,10,4,4-5-6-7,22,42,7,3,8,2.03,0
882,130,64,10,4,4-5-6-7,22,42,7,3,8,2.03,0
883,130,64,10,4,4-5-6-7,22,42,7,3,8,2.03,0
884,130,64,10,4,4-5-6-7,22,42,7,3,8,2.03,0
885,75,36,6,3,3-4-5,12,24,4,3,8,2.08,0
886,75,36,6,3,3-4-5,12,24,4,3,8,2.08,0
887,130,64,10,4,4-5-6-7,22,42,7,3,8,2.03,0
888,130,64,10,4,4-5-6-7,22,42,7,3,8,2.03,0
889,130,64,10,4,4-5-6-7,22,42,7,3,8,2.03,0
890,130,64,10,4,4-5-6-7,22,42,7,3,8,2.03,0
891,75,36,6,3,3-4-5,12,24,4,3,8,2.08,0
892,75,36,6,3,3-4-5,12,24,4,3,8,2.08,0
893,130,64,10,4,4-5-6-7,22,42,7,3,8,2.03,0
894,130,64,10,4,4-5-6-7,22,42,7,3,8,2.03,0
895,130,64,10,4,4-5-6-7,22,42,7,3,8,2.03,0
896,200,98,15,5,5-6-7-8-9,35,63,11,3,8,2.04,0
897,130,64,10,4,4-5-6-7,22,42,7,3,8,2.03,0
898,75,36,6,3,3-4-5,12,24,4,3,8,2.08,0
899,130,64,10,4,4-5-6-7,22,42,7,3,8,2.03,0
900,130,64,10,4,4-5-6-7,22,42,7,3,8,2.03,0
901,130,64,10,4,4-5-6-7,22,42,7,3,8,2.03,0
902,130,64,10,4,4-5-6-7,22,42,7,3,8,2.03,0
903,200,98,15,5,5-6-7-8-9,35,63,11,3,8,2.04,0
904,75,36,6,3,3-4-5,12,24,4,3,8,2.08,0
905,185,92,14,5,5-6-7-8-9,35,57,10,3,8,2.01,0
906,130,64,10,4,4-5-6-7,22,42,7,3,8,2.03,0
907,160,80,12,4,5-6-7-8,26,54,9,3,8,2.0,0
908,200,98,15,5,5-6-7-8-9,35,63,11,3,8,2.04,0
909,130,64,10,4,4-5-6-7,22,42,7,3,8,2.03,0
910,130,64,10,4,4-5-6-7,22,42,7,3,8,2.03,0
911,130,64,10,4,4-5-6-7,22,42,7,3,8,2.03,0
912,130,64,10,4,4-5-6-7,22,42,7,3,8,2.03,0
913,130,64,10,4,4-5-6-7,22,42,7,3,8,2.03,0
914,130,64,10,4,4-5-6-7,22,42,7,3,8,2.03,0
915,130,64,10,4,4-5-6-7,22,42,7,3,8,2.03,0
916,160,80,12,4,5-6-7-8,26,54,9,3,8,2.0,0
917,130,64,10,4,4-5-6-7,22,42,7,3,8,2.03,0
918,185,92,14,5,5-6-7-8-9,35,57,10,3,8,2.01,0
919,75,36,6,3,3-4-5,12,24,4,3,8,2.08,0
920,130,64,10,4,4-5-6-7,22,42,7,3,8,2.03,0
921,130,64,10,4,4-5-6-7,22,42,7,3,8,2.03,0
922,130,64,10,4,4-5-6-7,22,42,7,3,8,2.03,0
923,200,98,15,5,5-6-7-8-9,35,63,11,3,8,2.04,0
924,130,64,10,4,4-5-6-7,22,42,7,3,8,2.03,0
925,200,98,15,5,5-6-7-8-9,35,63,11,3,8,2.04,0
926,75,36,6,3,3-4-5,12,24,4,3,8,2.08,0
927,130,64,10,4,4-5-6-7,22,42,7,3,8,2.03,0
928,130,64,10,4,4-5-6-7,22,42,7,3,8,2.03,0
929,130,64,10,4,4-5-6-7,22,42,7,3,8,2.03,0
930,185,92,14,5,5-6-7-8-9,35,57,10,3,8,2.01,0
931,130,64,10,4,4-5-6-7,22,42,7,3,8,2.03,0
932,130,64,10,4,4-5-6-7,22,42,7,3,8,2.03,0
933,75,36,6,3,3-4-5,12,24,4,3,8,2.08,0
934,75,36,6,3,3-4-5,12,24,4,3,8,2.08,0
935,130,64,10,4,4-5-6-7,22,42,7,3,8,2.03,0
936,130,64,10,4,4-5-6-7,22,42,7,3,8,2.03,0
937,75,36,6,3,3-4-5,12,24,4,3,8,2.08,0
938,200,98,15,5,5-6-7-8-9,35,63,11,3,8,2.04,0
939,75,36,6,3,3-4-5,12,24,4,3,8,2.08,0
940,130,64,10,4,4-5-6-7,22,42,7,3,8,2.03,0
941,130,64,10,4,4-5-6-7,22,42,7,3,8,2.03,0
942,160,80,12,4,5-6-7-8,26,54,9,3,8,2.0,0
943,130,64,10,4,4-5-6-7,22,42,7,3,8,2.03,0
944,130,64,10,4,4-5-6-7,22,42,7,3,8,2.03,0
945,200,98,15,5,5-6-7-8-9,35,63,11,3,8,2.04,0
946,75,36,6,3,3-4-5,12,24,4,3,8,2.08,0
947,130,64,10,4,4-5-6-7,22,42,7,3,8,2.03,0
948,130,64,10,4,4-5-6-7,22,42,7,3,8,2.03,0
949,200,98,15,5,5-6-7-8-9,35,63,11,3,8,2.04,0
950,130,64,10,4,4-5-6-7,22,42,7,3,8,2.03,0
951,185,92,14,5,5-6-7-8-9,35,57,10,3,8,2.01,0
952,200,98,15,5,5-6-7-8-9,35,63,11,3,8,2.04,0
953,130,64,10,4,4-5-6-7,22,42,7,3,8,2.03,0
954,75,36,6,3,3-4-5,12,24,4,3,8,2.08,0
955,130,64,10,4,4-5-6-7,22,42,7,3,8,2.03,0
956,130,64,10,4,4-5-6-7,22,42,7,3,8,2.03,0
957,130,64,10,4,4-5-6-7,22,42,7,3,8,2.03,0
958,130,64,10,4,4-5-6-7,22,42,7,3,8,2.03,0
959,185,92,14,5,5-6-7-8-9,35,57,10,3,8,2.01,0
960,130,64,10,4,4-5-6-7,22,42,7,3,8,2.03,0
961,130,64,10,4,4-5-6-7,22,42,7,3,8,2.03,0
962,200,98,15,5,5-6-7-8-9,35,63,11,3,8,2.04,0
963,160,80,12,4,5-6-7-8,26,54,9,3,8,2.0,0
